{
  "validLogin" : {
    "transaction" : "validLogin",
    "sampleCount" : 2066,
    "errorCount" : 1432,
    "errorPct" : 69.31268,
    "meanResTime" : 2579.2967086156837,
    "medianResTime" : 219.0,
    "minResTime" : 195.0,
    "maxResTime" : 9828.0,
    "pct1ResTime" : 8058.9,
    "pct2ResTime" : 8183.95,
    "pct3ResTime" : 8466.64,
    "throughput" : 1.1503488073622326,
    "receivedKBytesPerSec" : 12.50230028001472,
    "sentKBytesPerSec" : 1.7380702423736494
  },
  "myAccountPage-1" : {
    "transaction" : "myAccountPage-1",
    "sampleCount" : 664,
    "errorCount" : 368,
    "errorPct" : 55.421688,
    "meanResTime" : 3634.1746987951833,
    "medianResTime" : 307.0,
    "minResTime" : 193.0,
    "maxResTime" : 11930.0,
    "pct1ResTime" : 8068.0,
    "pct2ResTime" : 8180.75,
    "pct3ResTime" : 8475.6,
    "throughput" : 0.36811155997806855,
    "receivedKBytesPerSec" : 5.736805050834322,
    "sentKBytesPerSec" : 0.2598397599014525
  },
  "myAccountPage-0" : {
    "transaction" : "myAccountPage-0",
    "sampleCount" : 664,
    "errorCount" : 0,
    "errorPct" : 0.0,
    "meanResTime" : 5094.7078313253,
    "medianResTime" : 5119.0,
    "minResTime" : 482.0,
    "maxResTime" : 7679.0,
    "pct1ResTime" : 5340.0,
    "pct2ResTime" : 5426.0,
    "pct3ResTime" : 5828.300000000003,
    "throughput" : 0.36943853132605065,
    "receivedKBytesPerSec" : 0.11381081826183623,
    "sentKBytesPerSec" : 0.2518699522122358
  },
  "identityPage" : {
    "transaction" : "identityPage",
    "sampleCount" : 2061,
    "errorCount" : 1778,
    "errorPct" : 86.2688,
    "meanResTime" : 2801.7947598253254,
    "medianResTime" : 219.0,
    "minResTime" : 193.0,
    "maxResTime" : 15850.0,
    "pct1ResTime" : 12846.0,
    "pct2ResTime" : 13140.699999999999,
    "pct3ResTime" : 13508.52,
    "throughput" : 1.1440402773229126,
    "receivedKBytesPerSec" : 5.9765960005426,
    "sentKBytesPerSec" : 1.0147390244850154
  },
  "Total" : {
    "transaction" : "Total",
    "sampleCount" : 14958,
    "errorCount" : 9878,
    "errorPct" : 66.03824,
    "meanResTime" : 3123.722957614648,
    "medianResTime" : 307.0,
    "minResTime" : 192.0,
    "maxResTime" : 16786.0,
    "pct1ResTime" : 8614.0,
    "pct2ResTime" : 9178.249999999996,
    "pct3ResTime" : 13221.41,
    "throughput" : 8.267267413325786,
    "receivedKBytesPerSec" : 109.10189828606055,
    "sentKBytesPerSec" : 7.622232387080889
  },
  "shopingCartPage" : {
    "transaction" : "shopingCartPage",
    "sampleCount" : 2060,
    "errorCount" : 1408,
    "errorPct" : 68.34952,
    "meanResTime" : 2888.684466019412,
    "medianResTime" : 229.5,
    "minResTime" : 192.0,
    "maxResTime" : 12162.0,
    "pct1ResTime" : 8771.8,
    "pct2ResTime" : 8935.95,
    "pct3ResTime" : 9242.329999999994,
    "throughput" : 1.1460259602696166,
    "receivedKBytesPerSec" : 29.399755690630847,
    "sentKBytesPerSec" : 0.44140123439791357
  },
  "myAccountPage" : {
    "transaction" : "myAccountPage",
    "sampleCount" : 2065,
    "errorCount" : 1769,
    "errorPct" : 85.66586,
    "meanResTime" : 2964.2629539951645,
    "medianResTime" : 246.0,
    "minResTime" : 193.0,
    "maxResTime" : 16786.0,
    "pct1ResTime" : 12850.4,
    "pct2ResTime" : 13150.099999999999,
    "pct3ResTime" : 13488.36,
    "throughput" : 1.1444970475855825,
    "receivedKBytesPerSec" : 6.221711022393346,
    "sentKBytesPerSec" : 1.0445213421680377
  },
  "invalidLogin" : {
    "transaction" : "invalidLogin",
    "sampleCount" : 2070,
    "errorCount" : 1405,
    "errorPct" : 67.8744,
    "meanResTime" : 2685.6396135265736,
    "medianResTime" : 221.0,
    "minResTime" : 195.0,
    "maxResTime" : 10245.0,
    "pct1ResTime" : 8034.8,
    "pct2ResTime" : 8184.45,
    "pct3ResTime" : 8390.58,
    "throughput" : 1.1494980525170677,
    "receivedKBytesPerSec" : 13.052558303880916,
    "sentKBytesPerSec" : 1.758332129865792
  },
  "homePage" : {
    "transaction" : "homePage",
    "sampleCount" : 2076,
    "errorCount" : 1385,
    "errorPct" : 66.714836,
    "meanResTime" : 3252.434489402692,
    "medianResTime" : 500.0,
    "minResTime" : 385.0,
    "maxResTime" : 10947.0,
    "pct1ResTime" : 9035.9,
    "pct2ResTime" : 9215.0,
    "pct3ResTime" : 9583.92,
    "throughput" : 1.1482485061983847,
    "receivedKBytesPerSec" : 30.96033546548866,
    "sentKBytesPerSec" : 0.6802860775974836
  },
  "identityPage-1" : {
    "transaction" : "identityPage-1",
    "sampleCount" : 616,
    "errorCount" : 333,
    "errorPct" : 54.05844,
    "meanResTime" : 3737.0211038961047,
    "medianResTime" : 307.0,
    "minResTime" : 193.0,
    "maxResTime" : 9847.0,
    "pct1ResTime" : 8080.200000000001,
    "pct2ResTime" : 8190.3,
    "pct3ResTime" : 8469.26,
    "throughput" : 0.3421100861384324,
    "receivedKBytesPerSec" : 5.489147502520008,
    "sentKBytesPerSec" : 0.23899826758173712
  },
  "identityPage-0" : {
    "transaction" : "identityPage-0",
    "sampleCount" : 616,
    "errorCount" : 0,
    "errorPct" : 0.0,
    "meanResTime" : 5097.594155844151,
    "medianResTime" : 5117.0,
    "minResTime" : 919.0,
    "maxResTime" : 7832.0,
    "pct1ResTime" : 5354.900000000001,
    "pct2ResTime" : 5428.15,
    "pct3ResTime" : 5733.340000000004,
    "throughput" : 0.34326708910065695,
    "receivedKBytesPerSec" : 0.10527378371442853,
    "sentKBytesPerSec" : 0.23139988505289155
  }
}